{"cameraMode":{"drawMode":0,"name":"Shaded","section":"Shading Mode"},"sceneLighting":true,"audioPlay":false,"sceneViewState":{"showFog":false,"showMaterialUpdate":false,"showSkybox":false,"showFlares":false,"showImageEffects":false,"showParticleSystems":false},"in2DMode":false,"pivot":{"x":-48.04228973388672,"y":-66.71633911132813,"z":-2.2895584106445314},"rotation":{"x":0.2826817035675049,"y":-0.6758792996406555,"z":0.31728580594062807,"w":0.6021838784217835},"size":60.57920837402344,"orthographic":false}